Type,Group,Maker/Brand,Jan.,Feb.,Mar.,Apr.,May,Jun.,First Half(Jan.-Jun.),Jul.,Aug.,Sep.,Oct.,Nov.,Dec.,Second Half(Jul.-Dec.,Adjusted value,Total
Mini Cars,Toyota Group,Toyota,"1,383","1,744","2,292","2,155","1,777","1,889","11,240","1,906","1,936",976,"1,348","1,719","1,694","9,579",0,"20,819"
,,Daihatsu,"34,976","39,061","50,893","32,920","28,047","32,015","217,912","32,201","27,536","18,601","19,548","30,982","33,798","162,666",0,"380,578"
,,Toyota Group Total,"36,359","40,805","53,185","35,075","29,824","33,904","229,152","34,107","29,472","19,577","20,896","32,701","35,492","172,245",0,"401,397"
,Renault-Nissan Alliance,Nissan,"14,574","18,163","22,578","9,861","10,322","8,317","83,815","7,316","7,607","14,717","13,981","11,635","3,596","58,852",0,"142,667"
,,Renault-Nissan Alliance Total,"14,574","18,163","22,578","9,861","10,322","8,317","83,815","7,316","7,607","14,717","13,981","11,635","3,596","58,852",0,"142,667"
,Honda,Honda,"23,350","25,925","37,958","22,838","19,901","23,789","153,761","23,313","17,998","17,438","12,838","20,840","18,615","111,042",0,"264,803"
,,Honda Total,"23,350","25,925","37,958","22,838","19,901","23,789","153,761","23,313","17,998","17,438","12,838","20,840","18,615","111,042",0,"264,803"
,Suzuki,Suzuki,"35,988","41,876","56,359","32,978","30,919","27,174","225,294","26,739","28,312","28,635","27,725","33,110","27,916","172,437",0,"397,731"
,,Suzuki Total,"35,988","41,876","56,359","32,978","30,919","27,174","225,294","26,739","28,312","28,635","27,725","33,110","27,916","172,437",0,"397,731"
,Mazda,Mazda,"2,481","2,676","3,172","1,895","1,802","1,926","13,952","2,003","1,766","1,741","1,558","2,141","1,361","10,570",0,"24,522"
,,Mazda Total,"2,481","2,676","3,172","1,895","1,802","1,926","13,952","2,003","1,766","1,741","1,558","2,141","1,361","10,570",0,"24,522"
,Mitsubishi,Mitsubishi,"2,628","4,018","6,264","2,021","1,951","2,513","19,395","2,421","2,313","4,737","2,541","1,939","1,218","15,169",0,"34,564"
,,Mitsubishi Total,"2,628","4,018","6,264","2,021","1,951","2,513","19,395","2,421","2,313","4,737","2,541","1,939","1,218","15,169",0,"34,564"
,Subaru,Subaru,875,"1,472","1,620",962,870,892,"6,691",854,601,395,348,575,640,"3,413",0,"10,104"
,,Subaru Total,875,"1,472","1,620",962,870,892,"6,691",854,601,395,348,575,640,"3,413",0,"10,104"
,Small and Medium OEM,Other,12,2,11,7,1,0,33,3,3,0,4,1,4,15,0,48
,,Small and Medium OEM Total,12,2,11,7,1,0,33,3,3,0,4,1,4,15,0,48
,,Mini Cars Total,"116,267","134,937","181,147","105,637","95,590","98,515","732,093","96,756","88,072","87,240","79,891","102,942","88,842","543,743",0,"1,275,836"
Small Cars,VW Group,VW,5,2,1,4,0,1,13,3,4,2,4,3,3,19,0,32
,,Porsche (2013-),0,1,5,1,2,4,13,3,2,2,6,2,3,18,0,31
,,Bugatti,-,-,1,0,0,0,1,0,0,0,0,0,0,0,0,1
,,VW Group Total,5,3,7,5,2,5,27,6,6,4,10,5,6,37,0,64
,Toyota Group,Toyota,"42,595","49,271","70,437","46,852","39,413","45,270","293,838","55,935","44,128","34,114","33,961","43,370","44,088","255,596",0,"549,434"
,,Daihatsu,"3,820","4,150","5,102","2,577","2,565","3,169","21,383","3,260","2,665","1,539","1,490","5,294","3,676","17,924",0,"39,307"
,,Toyota Group Total,"46,415","53,421","75,539","49,429","41,978","48,439","315,221","59,195","46,793","35,653","35,451","48,664","47,764","273,520",0,"588,741"
,Renault-Nissan Alliance,Nissan,"9,569","9,913","17,207","7,054","7,068","7,927","58,738","8,113","7,304","6,960","4,964","6,645","6,076","40,062",0,"98,800"
,,Renault,200,279,274,82,154,241,"1,230",182,172,186,141,33,23,737,0,"1,967"
,,Renault-Nissan Alliance Total,"9,769","10,192","17,481","7,136","7,222","8,168","59,968","8,295","7,476","7,146","5,105","6,678","6,099","40,799",0,"100,767"
,Stellantis,Fiat (2021-),333,327,527,443,430,591,"2,651",362,426,669,433,280,647,"2,817",0,"5,468"
,,Chrysler (2021-),-,-,-,-,-,1,1,0,0,0,0,0,0,0,0,1
,,Abarth (2021-),162,162,344,158,186,305,"1,317",162,139,315,150,143,263,"1,172",0,"2,489"
,,Alfa Romeo (2021-),0,0,2,1,1,0,4,2,0,3,2,1,0,8,0,12
,,Lancia (2021-),1,1,0,0,2,0,4,1,1,0,3,1,1,7,0,11
,,Peugeot (2021-),0,0,1,0,0,1,2,0,0,0,0,0,0,0,0,2
,,Citroen (2021-),0,0,2,1,1,1,5,0,0,2,2,0,0,4,0,9
,,Opel (2021-),-,-,1,0,0,0,1,0,0,0,0,0,0,0,0,1
,,Stellantis Total,496,490,877,603,620,899,"3,985",527,566,989,590,425,911,"4,008",0,"7,993"
,Ford Group,Ford,-,-,-,-,-,-,-,-,-,-,1,0,0,1,0,1
,,Ford Group Total,-,-,-,-,-,-,-,-,-,-,1,0,0,1,0,1
,Honda,Honda,"11,246","12,264","19,934","9,752","7,248","9,217","69,661","11,840","9,830","10,555","12,140","11,367","10,182","65,914",0,"135,575"
,,Honda Total,"11,246","12,264","19,934","9,752","7,248","9,217","69,661","11,840","9,830","10,555","12,140","11,367","10,182","65,914",0,"135,575"
,Suzuki,Suzuki,"8,982","9,554","12,962","9,065","6,510","5,614","52,687","6,277","4,634","5,004","6,110","6,357","5,312","33,694",0,"86,381"
,,Suzuki Total,"8,982","9,554","12,962","9,065","6,510","5,614","52,687","6,277","4,634","5,004","6,110","6,357","5,312","33,694",0,"86,381"
,Daimler Group (-2021),Mercedes-Benz (-2021),0,1,0,0,0,0,1,0,0,0,0,0,0,0,0,1
,,smart (-2021),1,1,0,0,0,1,3,0,0,0,0,0,0,0,0,3
,,Daimler Group (-2021) Total,1,2,0,0,0,1,4,0,0,0,0,0,0,0,0,4
,BMW Group,BMW,-,-,-,-,1,0,1,0,1,0,0,0,0,1,0,2
,,MINI,-,-,-,-,-,-,-,-,-,-,-,-,2,2,0,2
,,BMW Group Total,-,-,-,-,1,0,1,0,1,0,0,0,2,3,0,4
,Mazda,Mazda,"1,948","2,676","4,457","1,428","1,344",898,"12,751","2,124","2,567","1,024","1,239","2,617","2,331","11,902",0,"24,653"
,,Mazda Total,"1,948","2,676","4,457","1,428","1,344",898,"12,751","2,124","2,567","1,024","1,239","2,617","2,331","11,902",0,"24,653"
,Geely Holding Group,Volvo Cars (2011-),-,-,-,-,-,1,1,0,0,0,0,0,0,0,0,1
,,Lotus (2017-),0,2,1,0,0,0,3,3,2,1,3,2,3,14,0,17
,,Geely Holding Group Total,0,2,1,0,0,1,4,3,2,1,3,2,3,14,0,18
,Mitsubishi,Mitsubishi,783,812,"1,089",572,485,448,"4,189",663,488,485,328,530,374,"2,868",0,"7,057"
,,Mitsubishi Total,783,812,"1,089",572,485,448,"4,189",663,488,485,328,530,374,"2,868",0,"7,057"
,Subaru,Subaru,142,174,310,119,117,136,998,150,117,56,113,161,165,762,0,"1,760"
,,Subaru Total,142,174,310,119,117,136,998,150,117,56,113,161,165,762,0,"1,760"
,SAIC (Shanghai Automotive Industry Corporation (Group)),MG (2006-),0,2,0,1,0,0,3,0,2,0,2,2,1,7,0,10
,,Rover,3,2,4,4,3,3,19,1,2,3,3,2,6,17,0,36
,,SAIC (Shanghai Automotive Industry Corporation (Group)) Total,3,4,4,5,3,3,22,1,4,3,5,4,7,24,0,46
,Small and Medium OEM,Autobianchi,2,4,8,8,6,7,35,5,4,11,10,7,10,47,0,82
,,Innocenti,-,-,1,0,0,0,1,0,0,0,0,0,0,0,0,1
,,Morgan,0,0,6,2,0,2,10,1,1,1,2,1,7,13,0,23
,,Saab (2010-),-,-,-,-,-,-,-,-,-,-,1,0,0,1,0,1
,,Other,1,3,2,3,3,5,17,4,1,4,3,4,3,19,0,36
,,Small and Medium OEM Total,3,7,17,13,9,14,63,10,6,16,16,12,20,80,0,143
,,Small Cars Total,"79,793","89,601","132,678","78,127","65,539","73,843","519,581","89,091","72,490","60,936","61,111","76,822","73,176","433,626",0,"953,207"
Cars,VW Group,VW,"1,835","2,242","3,577","1,949","2,603","5,084","17,290","3,047","3,009","4,400","2,264","2,374","2,797","17,891",0,"35,181"
,,Audi,"1,576","1,833","2,853","1,556","1,911","3,125","12,854","1,974","1,669","2,124","1,568","1,243","1,103","9,681",0,"22,535"
,,Porsche (2013-),551,690,790,657,561,663,"3,912",451,519,504,296,478,819,"3,067",0,"6,979"
,,Bentley,46,28,49,40,39,83,285,80,64,51,59,36,26,316,0,601
,,Lamborghini,46,53,63,51,31,27,271,30,37,43,25,26,25,186,0,457
,,Bugatti,-,1,0,0,1,1,3,0,0,0,0,0,0,0,0,3
,,VW Group Total,"4,054","4,847","7,332","4,253","5,146","8,983","34,615","5,582","5,298","7,122","4,212","4,157","4,770","31,141",0,"65,756"
,Toyota Group,Toyota,"63,835","65,004","88,969","54,427","49,321","56,523","378,079","60,196","47,464","40,747","33,926","52,208","50,697","285,238",0,"663,317"
,,Daihatsu,4,6,8,7,5,8,38,6,7,4,8,1,1,27,0,65
,,Lexus,"5,448","4,758","5,857","4,404","4,485","5,398","30,350","4,701","3,509","2,819","2,841","3,235","3,663","20,768",0,"51,118"
,,Toyota Group Total,"69,287","69,768","94,834","58,838","53,811","61,929","408,467","64,903","50,980","43,570","36,775","55,444","54,361","306,033",0,"714,500"
,Renault-Nissan Alliance,Nissan,"12,079","13,444","16,990","6,066","6,657","8,338","63,574","10,848","10,061","14,096","9,101","10,983","9,077","64,166",0,"127,740"
,,Renault,206,444,804,448,471,569,"2,942",612,408,578,363,363,433,"2,757",0,"5,699"
,,Renault-Nissan Alliance Total,"12,285","13,888","17,794","6,514","7,128","8,907","66,516","11,460","10,469","14,674","9,464","11,346","9,510","66,923",0,"133,439"
,Stellantis,Fiat (2021-),59,122,212,77,87,152,709,142,145,168,107,116,140,818,0,"1,527"
,,Jeep (2021-),953,"1,092","1,925",936,977,"1,479","7,362",987,992,"1,747","1,164","1,010","1,009","6,909",0,"14,271"
,,Dodge (2021-),36,46,68,54,45,60,309,47,55,48,43,52,47,292,0,601
,,Chrysler (2021-),1,1,1,4,0,1,8,1,2,3,3,2,2,13,0,21
,,Abarth (2021-),2,0,0,0,0,0,2,0,0,0,0,0,0,0,0,2
,,Alfa Romeo (2021-),124,172,336,128,119,284,"1,163",192,196,293,127,136,222,"1,166",0,"2,329"
,,Lancia (2021-),-,-,-,-,-,-,-,-,-,-,-,1,0,1,0,1
,,Maserati (2021-),51,70,125,44,51,145,486,102,57,123,55,98,164,599,0,"1,085"
,,Peugeot (2021-),961,"1,040","1,914",880,"1,060","1,535","7,390","1,133",624,555,365,761,"1,242","4,680",0,"12,070"
,,Citroen (2021-),412,363,952,448,486,761,"3,422",575,219,340,180,387,760,"2,461",0,"5,883"
,,Opel (2021-),-,-,-,-,-,-,-,-,-,-,-,-,2,2,0,2
,,DS (2021-),58,60,114,59,84,93,468,88,43,48,48,86,108,421,0,889
,,Stellantis Total,"2,657","2,966","5,647","2,630","2,909","4,510","21,319","3,267","2,333","3,325","2,092","2,649","3,696","17,362",0,"38,681"
,GM Group,Chevrolet,34,24,44,34,58,100,294,77,57,82,88,77,32,413,0,707
,,Buick,4,0,1,0,1,1,7,0,0,0,2,2,0,4,0,11
,,GMC,2,1,5,2,2,3,15,3,4,9,5,2,6,29,0,44
,,Cadillac,22,51,112,33,83,84,385,55,62,75,42,70,106,410,0,795
,,Hummer,-,-,-,-,-,-,-,-,1,0,0,0,0,1,0,1
,,Pontiac,1,0,1,0,1,0,3,0,1,0,0,2,1,4,0,7
,,GM Group Total,63,76,163,69,145,188,704,135,125,166,137,153,145,861,0,"1,565"
,Hyundai Kia Automotive Group,Hyundai,4,2,0,0,0,2,8,4,0,1,3,1,6,15,0,23
,,Hyundai Kia Automotive Group Total,4,2,0,0,0,2,8,4,0,1,3,1,6,15,0,23
,Ford Group,Ford,20,46,38,47,49,63,263,45,40,40,47,29,46,247,0,510
,,Ford Group Total,20,46,38,47,49,63,263,45,40,40,47,29,46,247,0,510
,Honda,Honda,"8,432","11,621","14,214","10,985","8,547","11,200","64,999","13,798","10,626","10,387","14,131","13,001","11,857","73,800",0,"138,799"
,,Honda Total,"8,432","11,621","14,214","10,985","8,547","11,200","64,999","13,798","10,626","10,387","14,131","13,001","11,857","73,800",0,"138,799"
,Suzuki,Suzuki,"1,041",967,"1,478",999,"1,055",636,"6,176",505,823,"1,219","1,426","1,591","1,089","6,653",0,"12,829"
,,Suzuki Total,"1,041",967,"1,478",999,"1,055",636,"6,176",505,823,"1,219","1,426","1,591","1,089","6,653",0,"12,829"
,Daimler Group (-2021),Mercedes-Benz (-2021),"3,660","3,929","6,357","3,212","4,327","6,060","27,545","4,206","3,722","5,225","2,420","3,242","5,317","24,132",0,"51,677"
,,Maybach (-2021),-,-,-,-,-,1,1,0,0,0,0,0,0,0,0,1
,,Daimler Group (-2021) Total,"3,660","3,929","6,357","3,212","4,327","6,061","27,546","4,206","3,722","5,225","2,420","3,242","5,317","24,132",0,"51,678"
,BMW Group,BMW,"2,018","3,125","4,818","2,279","2,617","4,380","19,237","2,506","2,368","4,070","2,014","2,495","3,567","17,020",0,"36,257"
,,MINI,"1,195","1,691","2,527","1,172","1,138","1,413","9,136","1,520","1,392","1,651","1,038","1,556","1,918","9,075",0,"18,211"
,,Rolls-Royce,11,20,33,15,12,29,120,13,14,29,13,22,29,120,0,240
,,BMW Group Total,"3,224","4,836","7,378","3,466","3,767","5,822","28,493","4,039","3,774","5,750","3,065","4,073","5,514","26,215",0,"54,708"
,Mazda,Mazda,"9,931","11,442","19,904","4,926","4,785","5,791","56,779","6,067","5,245","6,665","6,270","4,884","9,654","38,785",0,"95,564"
,,Mazda Total,"9,931","11,442","19,904","4,926","4,785","5,791","56,779","6,067","5,245","6,665","6,270","4,884","9,654","38,785",0,"95,564"
,Geely Holding Group,Volvo Cars (2011-),"1,147","1,261","2,039",960,"1,198","1,825","8,430","1,221","1,039","1,716","1,105","1,283","1,843","8,207",0,"16,637"
,,Lotus (2017-),11,23,38,16,12,36,136,19,33,34,21,20,25,152,0,288
,,Geely Holding Group Total,"1,158","1,284","2,077",976,"1,210","1,861","8,566","1,240","1,072","1,750","1,126","1,303","1,868","8,359",0,"16,925"
,Mitsubishi,Mitsubishi,"2,651","2,954","4,930","1,827","1,460","1,454","15,276","1,205","2,019","2,777","2,061","1,661","2,471","12,194",0,"27,470"
,,Mitsubishi Total,"2,651","2,954","4,930","1,827","1,460","1,454","15,276","1,205","2,019","2,777","2,061","1,661","2,471","12,194",0,"27,470"
,Subaru,Subaru,"9,543","8,200","12,800","5,283","4,680","5,323","45,829","6,147","5,529","4,595","5,594","7,312","6,348","35,525",0,"81,354"
,,Subaru Total,"9,543","8,200","12,800","5,283","4,680","5,323","45,829","6,147","5,529","4,595","5,594","7,312","6,348","35,525",0,"81,354"
,Tata Group,Land Rover (2008-),301,230,688,346,602,654,"2,821",310,248,654,98,302,340,"1,952",0,"4,773"
,,Jaguar (2008-),36,75,155,59,130,111,566,117,73,165,35,53,50,493,0,"1,059"
,,Tata Group Total,337,305,843,405,732,765,"3,387",427,321,819,133,355,390,"2,445",0,"5,832"
,Ferrari,Ferrari (2021-),82,78,108,87,90,121,566,100,99,124,90,108,150,671,0,"1,237"
,,Ferrari Total,82,78,108,87,90,121,566,100,99,124,90,108,150,671,0,"1,237"
,Aston Martin,Aston Martin (2008-),30,47,60,40,31,35,243,26,23,27,26,16,27,145,0,388
,,Aston Martin Total,30,47,60,40,31,35,243,26,23,27,26,16,27,145,0,388
,SAIC (Shanghai Automotive Industry Corporation (Group)),Rover,0,1,0,0,1,0,2,0,1,0,1,1,1,4,0,6
,,SAIC (Shanghai Automotive Industry Corporation (Group)) Total,0,1,0,0,1,0,2,0,1,0,1,1,1,4,0,6
,Small and Medium OEM,McLaren,13,15,17,14,19,20,98,15,16,15,15,18,12,91,0,189
,,Morgan,0,2,1,0,0,1,4,2,0,0,0,0,0,2,0,6
,,Other,14,79,586,62,501,593,"1,835",443,525,536,409,557,891,"3,361",0,"5,196"
,,Small and Medium OEM Total,27,96,604,76,520,614,"1,937",460,541,551,424,575,903,"3,454",0,"5,391"
,,Cars Total,"128,486","137,353","196,561","104,633","100,393","124,265","791,691","123,616","103,040","108,787","89,497","111,901","118,123","654,964",0,"1,446,655"
Minivan,Toyota Group,Toyota,628,721,946,"1,188","1,021",811,"5,315",710,874,952,723,568,155,"3,982",0,"9,297"
,,Daihatsu,"4,906","5,634","7,320","5,712","4,915","7,582","36,069","6,619","4,652","6,118","5,693","7,331","6,699","37,112",0,"73,181"
,,Toyota Group Total,"5,534","6,355","8,266","6,900","5,936","8,393","41,384","7,329","5,526","7,070","6,416","7,899","6,854","41,094",0,"82,478"
,Renault-Nissan Alliance,Nissan,"2,454","2,899","3,857","1,997","2,180","2,214","15,601","1,968","1,681","1,935","1,655","2,126","1,988","11,353",0,"26,954"
,,Renault-Nissan Alliance Total,"2,454","2,899","3,857","1,997","2,180","2,214","15,601","1,968","1,681","1,935","1,655","2,126","1,988","11,353",0,"26,954"
,Honda,Honda,"2,314","1,993","4,642","2,285","1,451","2,417","15,102","2,972","1,779",885,342,"1,958","3,109","11,045",0,"26,147"
,,Honda Total,"2,314","1,993","4,642","2,285","1,451","2,417","15,102","2,972","1,779",885,342,"1,958","3,109","11,045",0,"26,147"
,Suzuki,Suzuki,"5,280","5,525","7,059","5,840","5,119","4,526","33,349","5,494","4,512","3,414","5,232","5,678","4,487","28,817",0,"62,166"
,,Suzuki Total,"5,280","5,525","7,059","5,840","5,119","4,526","33,349","5,494","4,512","3,414","5,232","5,678","4,487","28,817",0,"62,166"
,Mazda,Mazda,438,458,647,341,371,318,"2,573",344,330,241,376,485,364,"2,140",0,"4,713"
,,Mazda Total,438,458,647,341,371,318,"2,573",344,330,241,376,485,364,"2,140",0,"4,713"
,Mitsubishi,Mitsubishi,472,707,836,385,375,421,"3,196",409,376,415,382,430,323,"2,335",0,"5,531"
,,Mitsubishi Total,472,707,836,385,375,421,"3,196",409,376,415,382,430,323,"2,335",0,"5,531"
,Subaru,Subaru,254,348,538,333,302,356,"2,131",403,331,369,283,211,95,"1,692",0,"3,823"
,,Subaru Total,254,348,538,333,302,356,"2,131",403,331,369,283,211,95,"1,692",0,"3,823"
,Small and Medium OEM,Other,-,-,-,-,-,-,-,-,-,-,1,0,0,1,0,1
,,Small and Medium OEM Total,-,-,-,-,-,-,-,-,-,-,1,0,0,1,0,1
,,Minivan Total,"16,746","18,285","25,845","18,081","15,734","18,645","113,336","18,919","14,535","14,329","14,687","18,787","17,220","98,477",0,"211,813"
Mini Trucks,Toyota Group,Toyota,320,401,466,745,642,400,"2,974",357,513,513,293,507,147,"2,330",0,"5,304"
,,Daihatsu,"6,317","6,836","9,013","7,050","6,487","7,764","43,467","7,826","5,305","7,233","4,821","5,925","4,366","35,476",0,"78,943"
,,Toyota Group Total,"6,637","7,237","9,479","7,795","7,129","8,164","46,441","8,183","5,818","7,746","5,114","6,432","4,513","37,806",0,"84,247"
,Renault-Nissan Alliance,Nissan,756,795,950,641,665,575,"4,382",646,521,694,372,623,521,"3,377",0,"7,759"
,,Renault-Nissan Alliance Total,756,795,950,641,665,575,"4,382",646,521,694,372,623,521,"3,377",0,"7,759"
,Honda,Honda,"2,189","2,425","3,335","1,960","1,348","1,033","12,290",652,425,394,294,223,169,"2,157",0,"14,447"
,,Honda Total,"2,189","2,425","3,335","1,960","1,348","1,033","12,290",652,425,394,294,223,169,"2,157",0,"14,447"
,Suzuki,Suzuki,"4,485","5,253","6,934","4,763","4,272","3,132","28,839","4,213","3,090","1,791","1,872","3,543","5,924","20,433",0,"49,272"
,,Suzuki Total,"4,485","5,253","6,934","4,763","4,272","3,132","28,839","4,213","3,090","1,791","1,872","3,543","5,924","20,433",0,"49,272"
,Mazda,Mazda,155,215,287,152,159,138,"1,106",148,112,76,61,173,149,719,0,"1,825"
,,Mazda Total,155,215,287,152,159,138,"1,106",148,112,76,61,173,149,719,0,"1,825"
,Mitsubishi,Mitsubishi,272,335,467,197,271,299,"1,841",327,198,203,116,155,209,"1,208",0,"3,049"
,,Mitsubishi Total,272,335,467,197,271,299,"1,841",327,198,203,116,155,209,"1,208",0,"3,049"
,Subaru,Subaru,343,444,445,315,400,433,"2,380",456,358,474,191,300,112,"1,891",0,"4,271"
,,Subaru Total,343,444,445,315,400,433,"2,380",456,358,474,191,300,112,"1,891",0,"4,271"
,Small and Medium OEM,Other,-,-,-,-,-,-,-,-,-,1,0,1,1,3,0,3
,,Small and Medium OEM Total,-,-,-,-,-,-,-,-,-,1,0,1,1,3,0,3
,,Mini Trucks Total,"14,837","16,704","21,897","15,823","14,244","13,774","97,279","14,625","10,522","11,379","8,020","11,450","11,598","67,594",0,"164,873"
Light Trucks,Toyota Group,Toyota,"10,913","12,958","18,385","11,725","10,522","13,557","78,060","13,719","11,081","12,732","9,730","12,612","10,356","70,230",0,"148,290"
,,Daihatsu,31,22,42,23,22,24,164,26,23,21,37,24,32,163,0,327
,,Hino,625,788,"1,245",468,561,951,"4,638",862,861,"1,031",831,910,"1,029","5,524",0,"10,162"
,,Toyota Group Total,"11,569","13,768","19,672","12,216","11,105","14,532","82,862","14,607","11,965","13,784","10,598","13,546","11,417","75,917",0,"158,779"
,Renault-Nissan Alliance,Nissan,"3,539","4,459","6,769","2,508","2,784","3,798","23,857","3,845","3,285","3,796","2,863","3,898","2,965","20,652",0,"44,509"
,,Renault-Nissan Alliance Total,"3,539","4,459","6,769","2,508","2,784","3,798","23,857","3,845","3,285","3,796","2,863","3,898","2,965","20,652",0,"44,509"
,Daimler Group (-2021),Mitsubishi Fuso (2004-21),815,"1,077","2,085",985,"1,122","1,599","7,683","1,220","1,074","1,299",704,557,865,"5,719",0,"13,402"
,,Daimler Group (-2021) Total,815,"1,077","2,085",985,"1,122","1,599","7,683","1,220","1,074","1,299",704,557,865,"5,719",0,"13,402"
,Mazda,Mazda,456,556,814,430,426,462,"3,144",494,385,506,485,375,297,"2,542",0,"5,686"
,,Mazda Total,456,556,814,430,426,462,"3,144",494,385,506,485,375,297,"2,542",0,"5,686"
,Mitsubishi,Mitsubishi,-,-,-,-,1,0,1,0,0,0,0,0,0,0,0,1
,,Mitsubishi Total,-,-,-,-,1,0,1,0,0,0,0,0,0,0,0,1
,Isuzu,Isuzu,664,946,"1,485",591,699,888,"5,273",858,870,881,369,301,274,"3,553",0,"8,826"
,,UD Trucks (2021-),11,5,9,5,7,5,42,3,3,18,8,9,7,48,0,90
,,Isuzu Total,675,951,"1,494",596,706,893,"5,315",861,873,899,377,310,281,"3,601",0,"8,916"
,,Light Trucks Total,"17,054","20,811","30,834","16,735","16,144","21,284","122,862","21,027","17,582","20,284","15,027","18,686","15,825","108,431",0,"231,293"
Trucks,VW Group,VW,-,-,-,1,0,0,1,0,0,1,0,0,0,1,0,2
,,Scania (TRATON),15,30,44,18,25,25,157,27,18,24,22,27,33,151,0,308
,,VW Group Total,15,30,44,19,25,25,158,27,18,25,22,27,33,152,0,310
,Toyota Group,Toyota,"1,996","2,264","3,381","2,151","1,999","2,137","13,928","1,991","1,723","1,923","1,608","1,885","1,701","10,831",0,"24,759"
,,Hino,"3,261","4,117","6,470","2,932","3,332","4,483","24,595","3,878","4,043","4,732","3,538","3,924","3,616","23,731",0,"48,326"
,,Toyota Group Total,"5,257","6,381","9,851","5,083","5,331","6,620","38,523","5,869","5,766","6,655","5,146","5,809","5,317","34,562",0,"73,085"
,Renault-Nissan Alliance,Nissan,215,368,606,191,106,184,"1,670",206,207,144,126,235,210,"1,128",0,"2,798"
,,Renault-Nissan Alliance Total,215,368,606,191,106,184,"1,670",206,207,144,126,235,210,"1,128",0,"2,798"
,Stellantis,Jeep (2021-),3,1,1,3,2,0,10,2,5,0,3,2,1,13,0,23
,,Dodge (2021-),-,2,2,0,0,1,5,0,0,0,1,1,0,2,0,7
,,Chrysler (2021-),-,-,-,-,-,-,-,-,-,1,0,0,0,1,0,1
,,Citroen (2021-),-,-,-,1,1,0,2,0,0,0,0,0,0,0,0,2
,,Stellantis Total,3,3,3,4,3,1,17,2,5,1,4,3,1,16,0,33
,GM Group,Chevrolet,2,3,6,10,7,16,44,8,12,11,11,11,8,61,0,105
,,GMC,1,3,9,8,6,2,29,9,3,2,2,6,2,24,0,53
,,Cadillac,-,-,4,3,0,1,8,2,1,2,0,1,0,6,0,14
,,Hummer,-,-,-,-,-,-,-,1,0,0,0,0,0,1,0,1
,,GM Group Total,3,6,19,21,13,19,81,20,16,15,13,18,10,92,0,173
,Ford Group,Ford,4,11,18,10,8,8,59,13,12,10,9,6,13,63,0,122
,,Ford Group Total,4,11,18,10,8,8,59,13,12,10,9,6,13,63,0,122
,Daimler Group (-2021),Mercedes-Benz (-2021),4,4,4,1,1,3,17,1,4,2,1,2,7,17,0,34
,,Mitsubishi Fuso (2004-21),916,"1,247","2,166","1,264","1,254","1,792","8,639","1,416","1,445","1,464","1,306","1,142","1,137","7,910",0,"16,549"
,,Daimler Group (-2021) Total,920,"1,251","2,170","1,265","1,255","1,795","8,656","1,417","1,449","1,466","1,307","1,144","1,144","7,927",0,"16,583"
,Mazda,Mazda,23,30,37,26,20,37,173,31,31,32,21,34,26,175,0,348
,,Mazda Total,23,30,37,26,20,37,173,31,31,32,21,34,26,175,0,348
,Mitsubishi,Mitsubishi,-,-,2,0,0,0,2,0,0,0,0,0,0,0,0,2
,,Mitsubishi Total,-,-,2,0,0,0,2,0,0,0,0,0,0,0,0,2
,Tata Group,Land Rover (2008-),2,1,1,0,0,2,6,2,0,0,1,1,1,5,0,11
,,Tata Group Total,2,1,1,0,0,2,6,2,0,0,1,1,1,5,0,11
,Isuzu,Isuzu,"3,981","5,149","8,229","3,171","3,862","5,050","29,442","4,594","4,480","5,473","3,094","3,282","3,202","24,125",0,"53,567"
,,UD Trucks (2021-),273,466,964,389,470,726,"3,288",489,609,643,619,620,798,"3,778",0,"7,066"
,,Isuzu Total,"4,254","5,615","9,193","3,560","4,332","5,776","32,730","5,083","5,089","6,116","3,713","3,902","4,000","27,903",0,"60,633"
,Volvo Trucks Group,Volvo Trucks,20,17,38,29,36,33,173,30,33,47,31,23,22,186,0,359
,,Volvo Trucks Group Total,20,17,38,29,36,33,173,30,33,47,31,23,22,186,0,359
,Small and Medium OEM,Streetscooter,-,23,14,0,1,0,38,0,0,0,0,0,0,0,0,38
,,Small and Medium OEM Total,-,23,14,0,1,0,38,0,0,0,0,0,0,0,0,38
,,Trucks Total,"10,716","13,736","21,996","10,208","11,130","14,500","82,286","12,700","12,626","14,511","10,393","11,202","10,777","72,209",0,"154,495"
Buses,VW Group,Scania (TRATON),-,-,1,0,0,2,3,2,2,2,0,0,0,6,0,9
,,VW Group Total,-,-,1,0,0,2,3,2,2,2,0,0,0,6,0,9
,Toyota Group,Toyota,165,244,544,281,218,239,"1,691",238,298,221,233,230,249,"1,469",0,"3,160"
,,Hino,124,229,392,63,38,57,903,69,89,156,118,67,120,619,0,"1,522"
,,Toyota Group Total,289,473,936,344,256,296,"2,594",307,387,377,351,297,369,"2,088",0,"4,682"
,Renault-Nissan Alliance,Nissan,36,45,169,23,16,47,336,30,36,19,7,6,10,108,0,444
,,Renault-Nissan Alliance Total,36,45,169,23,16,47,336,30,36,19,7,6,10,108,0,444
,Hyundai Kia Automotive Group,Hyundai,-,-,-,-,1,0,1,0,2,5,2,1,0,10,0,11
,,Hyundai Kia Automotive Group Total,-,-,-,-,1,0,1,0,2,5,2,1,0,10,0,11
,Daimler Group (-2021),Mercedes-Benz (-2021),-,4,9,0,0,0,13,2,0,0,0,0,0,2,0,15
,,Mitsubishi Fuso (2004-21),26,84,230,60,71,128,599,97,115,43,60,64,73,452,0,"1,051"
,,Daimler Group (-2021) Total,26,88,239,60,71,128,612,99,115,43,60,64,73,454,0,"1,066"
,Isuzu,Isuzu,65,100,185,21,13,15,399,33,36,83,56,18,43,269,0,668
,,Isuzu Total,65,100,185,21,13,15,399,33,36,83,56,18,43,269,0,668
,,Buses Total,416,706,"1,530",448,357,488,"3,945",471,578,529,476,386,495,"2,935",0,"6,880"
,,Grand Total,"384,315","432,133","612,488","349,692","319,131","365,314","2,463,073","377,205","319,445","317,995","279,102","352,176","336,056","1,981,979",0,"4,445,052"
